{
  "version": 1,
  "width": 78,
  "height": 25,
  "duration": 53.801056,
  "command": "/bin/bash",
  "title": "",
  "env": {
    "TERM": "xterm",
    "SHELL": "/bin/bash"
  },
  "stdout": [
    [
      0.011956,
      "\u001b]0;root@moneta: ~\u0007root@moneta:~# "
    ],
    [
      16.565478,
      "a"
    ],
    [
      0.225331,
      "m"
    ],
    [
      0.286358,
      "u"
    ],
    [
      0.466802,
      "s"
    ],
    [
      0.236393,
      "e"
    ],
    [
      0.235125,
      "d"
    ],
    [
      1.432415,
      " "
    ],
    [
      0.567975,
      "g"
    ],
    [
      0.183961,
      "e"
    ],
    [
      0.159847,
      "t"
    ],
    [
      0.566406,
      "i"
    ],
    [
      0.223972,
      "n"
    ],
    [
      0.351959,
      "f"
    ],
    [
      0.159420,
      "o"
    ],
    [
      0.561088,
      "\r\n"
    ],
    [
      0.048245,
      "error: couldn't connect to server\r\n"
    ],
    [
      0.001231,
      "\u001b]0;root@moneta: ~\u0007root@moneta:~# "
    ],
    [
      2.262531,
      "amused getinfo"
    ],
    [
      0.646089,
      "\u0008\u001b[K"
    ],
    [
      0.184188,
      "\u0008\u001b[K"
    ],
    [
      0.132025,
      "\u0008\u001b[K"
    ],
    [
      0.195976,
      "\u0008\u001b[K"
    ],
    [
      0.159047,
      "\u0008\u001b[K"
    ],
    [
      0.206506,
      "\u0008\u001b[K"
    ],
    [
      0.172286,
      "\u0008\u001b[K"
    ],
    [
      1.953465,
      "-"
    ],
    [
      0.341320,
      "d"
    ],
    [
      0.280040,
      "a"
    ],
    [
      0.295893,
      "e"
    ],
    [
      0.311890,
      "m"
    ],
    [
      0.176136,
      "o"
    ],
    [
      0.239935,
      "n"
    ],
    [
      0.368839,
      "\r\n"
    ],
    [
      0.011021,
      "Amuse server starting\r\n"
    ],
    [
      0.000603,
      "\u001b]0;root@moneta: ~\u0007root@moneta:~# "
    ],
    [
      2.555296,
      "amused -daemon"
    ],
    [
      0.144162,
      "\u0008\u0008\u0008\u0008\u0008\u0008\u0008getinfo"
    ],
    [
      0.680321,
      "\r\n"
    ],
    [
      0.009070,
      "{"
    ],
    [
      0.000217,
      "\r\n"
    ],
    [
      0.000205,
      "    \"version\" : 80501,"
    ],
    [
      0.000196,
      "\r\n"
    ],
    [
      0.000266,
      "    \"protocolversion\" : 70002,"
    ],
    [
      0.000127,
      "\r\n"
    ],
    [
      0.000132,
      "    \"walletversion\" : 60000,"
    ],
    [
      0.000130,
      "\r\n"
    ],
    [
      0.000123,
      "    \"balance\" : 0.00000000,"
    ],
    [
      0.000118,
      "\r\n"
    ],
    [
      0.000097,
      "    \"blocks\" : 0,"
    ],
    [
      0.000140,
      "\r\n"
    ],
    [
      0.000116,
      "    \"timeoffset\" : 0,"
    ],
    [
      0.000087,
      "\r\n"
    ],
    [
      0.000080,
      "    \"connections\" : 1,"
    ],
    [
      0.000072,
      "\r\n"
    ],
    [
      0.000090,
      "    \"proxy\" : \"\","
    ],
    [
      0.000088,
      "\r\n"
    ],
    [
      0.000077,
      "    \"difficulty\" : 250.00312933,"
    ],
    [
      0.000072,
      "\r\n"
    ],
    [
      0.000090,
      "    \"testnet\" : false,"
    ],
    [
      0.000086,
      "\r\n"
    ],
    [
      0.000108,
      "    \"keypoololdest\" : 1428899461,"
    ],
    [
      0.000098,
      "\r\n"
    ],
    [
      0.000083,
      "    \"keypoolsize\" : 101,"
    ],
    [
      0.000071,
      "\r\n"
    ],
    [
      0.000152,
      "    \"paytxfee\" : 0.00000000,"
    ],
    [
      0.000073,
      "\r\n"
    ],
    [
      0.000088,
      "    \"mininput\" : 0.00010000,"
    ],
    [
      0.000102,
      "\r\n"
    ],
    [
      0.000080,
      "    \"errors\" : \"\""
    ],
    [
      0.000070,
      "\r\n"
    ],
    [
      0.000091,
      "}"
    ],
    [
      0.000076,
      "\r\n"
    ],
    [
      0.001793,
      "\u001b]0;root@moneta: ~\u0007root@moneta:~# "
    ],
    [
      1.402789,
      "amused getinfo"
    ],
    [
      0.836830,
      "\u0008\u001b[K"
    ],
    [
      0.499980,
      "\u0008\u001b[K"
    ],
    [
      0.035738,
      "\u0008\u001b[K"
    ],
    [
      0.031983,
      "\u0008\u001b[K"
    ],
    [
      0.031971,
      "\u0008\u001b[K"
    ],
    [
      0.036060,
      "\u0008\u001b[K"
    ],
    [
      0.031869,
      "\u0008\u001b[K"
    ],
    [
      0.031936,
      "\u0008\u001b[K"
    ],
    [
      0.036108,
      "\u0008\u001b[K"
    ],
    [
      0.032134,
      "\u0008\u001b[K"
    ],
    [
      0.031890,
      "\u0008\u001b[K"
    ],
    [
      0.031917,
      "\u0008\u001b[K"
    ],
    [
      0.032079,
      "\u0008\u001b[K"
    ],
    [
      0.473708,
      "\u0008\u001b[K"
    ],
    [
      0.694696,
      "\u0007"
    ],
    [
      1.937813,
      "l"
    ],
    [
      0.319678,
      "i"
    ],
    [
      0.183970,
      "k"
    ],
    [
      0.200026,
      "e"
    ],
    [
      0.384025,
      "c"
    ],
    [
      0.208211,
      "o"
    ],
    [
      0.201353,
      "i"
    ],
    [
      0.271491,
      "n"
    ],
    [
      1.198784,
      "d"
    ],
    [
      1.367674,
      " "
    ],
    [
      0.416246,
      "-"
    ],
    [
      0.313351,
      "d"
    ],
    [
      0.336060,
      "a"
    ],
    [
      0.327576,
      "e"
    ],
    [
      0.271973,
      "m"
    ],
    [
      0.175955,
      "o"
    ],
    [
      0.192059,
      "n"
    ],
    [
      0.315189,
      "\r\n"
    ],
    [
      0.177865,
      "likecoind: command not found"
    ],
    [
      0.000323,
      "\r\n"
    ],
    [
      0.010599,
      "\u001b]0;root@moneta: ~\u0007root@moneta:~# "
    ],
    [
      1.536523,
      "likecoind -daemon"
    ],
    [
      0.973160,
      "\u0008\u001b[K"
    ],
    [
      0.247453,
      "\u0008\u001b[K"
    ],
    [
      0.183997,
      "\u0008\u001b[K"
    ],
    [
      0.160104,
      "\u0008\u001b[K"
    ],
    [
      0.159974,
      "\u0008\u001b[K"
    ],
    [
      0.172016,
      "\u0008\u001b[K"
    ],
    [
      0.168070,
      "\u0008\u001b[K"
    ],
    [
      0.380278,
      "\r\n"
    ],
    [
      0.095990,
      "likecoind: command not found\r\n"
    ],
    [
      0.008686,
      "\u001b]0;root@moneta: ~\u0007root@moneta:~# "
    ],
    [
      2.816687,
      "exit\r\n"
    ]
  ]
}